	Y1	Y2	Y3	Y4	Y5	Y6	Y7	Y8	Y9	Y10	Y11	Y12	Y13	Y14	Y15	SRR1646026	SRR1646027	SRR1646028	SRR1646029	SRR1646034	SRR1646035	SRR1646036	SRR1646037	SM01	SM02	SM03	SM05	SM11	SM18	SM20	SM23	SM24	SM25	SM28	SM29	SM30	SM31	SM32	SM33	SM34	SM37	SM39	SM40	SM41	SM42	SM43	SM44	HC02	HC07	HC09	HC11	HC12	HC53	HC61	HC64	HC67	HC70	HC72	HC74	SRS012849_HMP	SRS012969_HMP	SRS013951_HMP	SRS014287_HMP	SRS014459_HMP	SRS016095_HMP	SRS016438_HMP	SRS017247_HMP	SRS017916_HMP	SRS022071_HMP	SRS023346_HMP	SRS043667_HMP	SRS045528_HMP	SRS045645_HMP	SRS045739_HMP	SRS047014_HMP	SRS047044_HMP	SRS049959_HMP	SRS053649_HMP	SRS074964_HMP	SRS075078_HMP	SRS075341_HMP	SRS075963_HMP	SRS077335_HMP	SRS077753_HMP	SRS077849_HMP	SRS078242_HMP	SRS078419_HMP	SRS078665_HMP	SRS098571_HMP	SRS098717_HMP	SRS101376_HMP	SRS104197_HMP	SRS104400_HMP	SRS140492_HMP	SRS140513_HMP	SRS142712_HMP	SRS142890_HMP	SRS143991_HMP	SRS145497_HMP	SRS146813_HMP	SRS147445_HMP	SRS147919_HMP	SRS148424_HMP
Acidobacteria	0.117381473983465	0.00174735566842179	0.0121778363378651	0.0117932186007421	0.00201770536457414	0.00448056323215996	0.00377975374904325	0.0115966255614759	0.0379794910748196	0.00198647815356856	0.0669565810275838	0.0282439684262163	0.0193727532987494	0.00525430853299706	0.12736988853069	0.099009900990099	0.0475059382422803	0.0296789724480206	0.035329447094153	0	0	0	0.0444919024737498	0.0640768842221475	0.0739004606806355	0.0475068306723803	0.0212198582669928	0.0842034108599721	0.0898259263535824	0.161019876509449	0.0285478726505051	0.0187622135457204	0.0542003731726843	0.00815343940476465	0.0597101942423551	0.0522118733630242	0.166646682613264	0.0668804113992258	0.138047034077637	0.0480115490024605	0.0996857509119368	0.0311988027217896	0.0467209285169794	0.0541861703378831	0.0286052334248564	0.0262918589309103	0.0766263552960801	0.096794939101218	0.138633751016838	0.0593887000024986	0.0511281883866466	0.207337886311564	0.234657510998551	0.181540453264336	0.0861425918050406	0.169883137877772	0.0545827581738956	0.0631874816157112	0.070103634053064	0.0108880413585193	0.00960880370976981	0.0162760366895046	0.00387749089239429	0.00627836998441428	0.0027842859298361	0.000603134197019998	0.000386981692521381	0.0120086038065054	0.0101830319583554	0	0.00547922942627802	0.00241432218407068	0.00193056764484543	0.00137707541347443	0.00322874921928844	0.00560276459893188	0.0235294625258073	0.00254758365868416	0.00191374879410429	0.00686495822591883	0.00585666643635843	0.00471106760643741	0.00108378404721996	0.00324995079063756	0.00627280249265606	0.00729945303683414	0.00791085526424875	0.00322641547005723	0.00576758628847087	0.00499872175242577	0.00687035886343476	0.00560088190859837	0.0110269252196823	0.00937317450183313	0.00219891689733376	0.0022039046528263	0.00738660930096474	0.0119362802854234	0.00194259248078609	0.00719895800334131	0.0032314555332252	0.00242120786754296	0.00981945058797402
Actinobacteria	8.29608935276851	0.850379758631937	1.92509632468907	1.15869616762692	0.255239728618628	0.146590502727649	0.42994698895367	0.774388906301779	7.38948793738338	0.109504608215467	6.88140002642042	9.11090960443579	1.20972081709968	8.89029003783102	9.53302822795315	9.96039603960396	3.19873317498021	1.32730960114759	1.94311959017841	6.00706713780919	0.871459694989107	2.27272727272727	2.69620928990924	4.28558126074368	4.47196383666402	2.62205978429895	46.8411502923353	6.08927463626468	4.34932039666522	7.30031736208063	4.10076699506158	4.82717725026425	3.37797076710141	1.23790267094922	10.678100825702	3.01856192575129	7.731999617932	4.04845529614004	6.3709614431001	7.82307205526434	5.15168222549577	1.94875494660989	2.53306120441636	29.0706451661189	1.80069431770879	2.04824952386925	4.40482809748865	12.0727897942041	17.0758208225603	5.73917789894696	3.15198372189029	10.9869779675924	12.3510136943382	27.2809457707492	4.81352302819743	9.26055858398164	6.46637345013023	9.68202897182347	12.0827342207161	1.46016913903138	1.16025183319781	2.00222772996304	0.359514751557371	0.481383175390496	0.191663021014084	0.0909422458345621	0.0834106085640299	1.88532566625656	3.61418107198096	0.0176937286348227	0.459557464894738	0.549783170327511	0.26631833729882	0.200734708264396	0.358919243213327	0.31471906144761	1.15919277835347	0.132980828116126	0.15483292730985	0.670841286738597	0.379892919008819	1.15905349417267	0.287313456841517	0.432029454883243	0.911131594348083	0.512825598070814	0.850580568635593	0.356284850283339	0.582192616864777	1.14876360380726	1.27713705735757	0.412377986688257	0.803060825545493	4.93857712548673	0.205276079368483	0.181684179521123	1.51748694866857	1.66585667978747	0.198740977187824	0.494468482344444	0.314852781893882	0.383910520020408	0.765231051628635
Aquificae	0.00620570386146996	0.025045431247379	0.00359345990297658	0.0020152968494939	0.0635577189840853	0.0297577029758548	0.0623659368592136	0.0101066566425866	0.00330256444128866	0.0193405720229383	0.0044211584926726	0.00891914792406832	0.0538132036076372	0	0.00637439664565083	0.0396039603960396	0.0316706254948535	0.0189615657306798	0.0529941706412295	0	0	0	0.0444919024737498	0.0181545589380052	0.0467159837212403	0.0167818505538637	0.00393594145274866	0.0575743565132911	0.0279723464082369	0.0814094906374588	0.0223519516318424	0.00846139042257977	0.0129790165643401	0.00722301689010682	0.0666998630783477	0.0290289952288629	0.032042227998404	0.0575346770552292	0.0816475550235497	0.0282448429741304	0.0211661525908907	0.0142574019320497	0.040917697395923	0.0241635250520157	0.0336290916249208	0.0119915686867061	0.0287855620424428	0.0200152246955061	0.0303619372061671	0.0128771614892149	0.015977558870827	0.0432872980730259	0.0561350374016005	0.0377750842145992	0.0138589027825144	0.0251869100030584	0.0251998902223406	0.0157968704039278	0.0207327768795232	0.00169230676304102	0.00524850622802552	0.0156415082511632	0.0016688720800865	0.00190199770196016	0.00220073728100767	0.000338839436528088	0.000261930839916219	0.00154139037348936	0.00225150689256244	0	0.000602839107940159	0.000649752185090761	0.000555089217122576	0.000170877971015075	0.0015038796363619	0.00358292736127347	0.00865096070248965	0.000949645996030378	0.000153293537470411	0.00107084086997891	0.00368981552310403	0.00157035586881247	0.000558033488143045	0.000693360879828732	0.00326767065574086	0.000881443385579972	0.00133520226743525	0.00647083549072861	0.00159857206056247	0.000436413075812794	0.000713474273113678	0.000813335037170353	0.00203533812476152	0.00101797216811889	0.000397578854872586	0.000114401157551289	0.00174254790100816	0.00188320199224569	0.000456694970173557	0.00154036059841609	0.000350398792759359	0.000349475199645353	0.00642830966395629
Armatimonadetes	0.0316725074439174	0.00291225944736965	0.00159709329021181	0.00261242184193654	0.00504426341143535	0.00262070679616903	0.000944938437260812	0.00630095289795364	0.00990769332386598	0.000331079692261426	0.0135830772967652	0.00743262327005693	0	0	0.0301013174933512	0.0198019801980198	0.0158353127474268	0.00329766360533562	0.0176647235470765	0	0	0	0	0.0472956406281611	0.0286869005564601	0.00989377756533755	0.0088253097170327	0.0261169571477064	0.0299781154336337	0.0169115847954058	0.00672890347188101	0.0135888090753931	0.0475205059809039	0.00170169380970313	0.00996976020017545	0.0229812878895164	0.0747877795142452	0.0315418534109886	0.0246123330493682	0.0202819519200638	0.0432995755958813	0.0134629382701735	0.0105736838222638	0.0183044048181641	0.00871485606133618	0.00668495495753158	0.0408326383097025	0.0141090928181436	0.0213870249502561	0.0178742689327908	0.0105365523364373	0.0306043954529037	0.0313311836660096	0.0271393808920421	0.0141306459743284	0.0251869100030584	0.0112226231759411	0.0181573223033653	0.0117833767876427	0.00196828294286002	0.00514981636732761	0.009235064500198	0.00411324233865187	0.00354091534794826	0.000756258114400971	3.84018028065167e-05	0.000114911594285825	0.00143667635355122	0.00276048176309461	0	0.000293161483998297	0.000666976838009221	0.000516314602691219	0.000314951554419943	0.00380561907980131	0.00147174070080638	0.00570977788676374	0.00053433414709976	0.000275928367446739	0.0015107538760243	0.000555207351438851	0.00124319839614321	0.000475020241973005	0.000684800868966649	0.00181901895900639	0.00146907230929995	0.00150537510544171	0.000424907394494144	0.00188781911615279	0.00105413786428211	0.00332471767877338	0.00187666358050254	0.00314444303055339	0.0023308952464876	0.000321121382781704	0.000166554626434965	0.00192833425810094	0.00452248508174987	0.00033214179648986	0.00311254682903086	0.00116799597586453	0.00227377301769258	0.00188785164842224
Bacteroidetes	8.21459558130467	4.44760262802293	2.12373480265916	1.00968860180446	1.0416403944614	1.27011286792399	1.41740765589122	16.0642883890492	5.12392873065936	0.33789441592714	5.59223282353292	8.91022877614425	5.12301698344706	5.41193778898697	7.28310230080306	10.3960396039604	14.6318289786223	35.9305182278356	4.62815756933404	13.0742049469965	51.7429193899782	2.95454545454545	34.1074924363766	10.8025319915484	9.63429131617941	9.70788308644114	25.6715791779407	18.2048359533201	18.2824220365711	6.94814260424013	17.4321904746042	27.706202130201	11.6738120479192	1.56733345314564	3.01671939622265	19.5665003379156	10.2606936702035	2.80599832594534	5.81732018011505	25.1347250905545	11.992844474866	3.28182202725655	13.5205449135663	15.5040447174899	17.8119354567507	39.9501522894765	25.2545524047818	22.001325598488	19.0686332545323	49.0346933794092	6.41175119227135	21.0293554052601	16.4625788175089	14.2030649162988	34.3722528461703	21.9308593619487	18.3420512710641	30.1311684963195	17.0958898388511	81.1661357856958	76.8156971785959	44.502308001633	79.115263286905	76.1303910080659	91.637543751102	98.6430519674655	99.053811173145	12.3648827879429	83.3380289799688	97.604269142845	92.8531524397601	91.1941966699387	97.3979723570468	96.4352074291041	86.196741207628	84.3302854090916	64.8547494349549	97.0745458685221	96.1644068993968	91.655492779841	91.8725701967161	71.1536095938275	93.2111490571321	93.0512342758129	91.3851777802709	88.7115749217237	88.0819234731875	95.7786602648246	83.075188692245	92.7878248594634	91.8014707493475	85.9186842697939	80.5449438519798	80.3739194486454	78.9741462422253	96.4786919936922	78.9104616746129	72.6510765544712	96.2775732592814	74.1220628840121	82.4521452582089	91.6363933774974	87.7558574311915
Caldiserica	0.000761076888670844	0.00291225944736965	0.000299454991914715	0.000970328112719285	0	0.00363517394307318	0.00188987687452162	0.00129250315855459	0.00330256444128866	0.00187611825614808	0.00436789152288136	0	0	0	0.000826310676288071	0	0	0.00164883180266781	0	0	0	0	0	0.0025456577108642	0.00892064010757353	0.000876663834903327	7.33405239642607e-05	0.00497465850432503	0.00314417847224368	0.00449776191367176	0.000832785083153591	0.00119563125536453	0.00467244596316244	0.000171393621121179	0.011053429787151	0.00282226342502834	0.00982267031663547	0.00852798258889692	0.00880958046416499	0.00290411320795371	0.0044380642529287	0.00283430279372073	0.00427865345366022	0.00615849134069073	0.00333215084698148	0.00286005804884083	0.00359095542581781	0.00492177656446871	0.001145733479478	0.000768785760550143	0.000172730366171103	0.000827145823051451	0.0029372984686884	0.000916870976082504	0.00122284436316304	0.0041121485719279	0.00142833385875615	0.00181573223033653	0.000894940009188051	6.24851727892069e-05	0.00045756208141761	0.00260691804186053	0.000297791300535882	0.000184867066358744	6.28034420263782e-05	0	1.68987638655625e-06	6.28284119628815e-05	0.000943724239111729	0	8.258069971783e-06	6.220013553888e-05	0.000110201535752276	3.35054845127599e-06	0.000269779934767212	0.00046689704991099	0.00153890739013532	4.30506184867105e-05	3.22723236779812e-06	0.000136025732132456	3.08448528577139e-05	0.000130862989067706	5.07303171039132e-05	2.99600380172909e-05	0.00015471037537941	0.000275451057993741	0.00021817030513648	1.08027303684952e-05	0.000136910272979416	8.01144776854405e-05	2.89735745426874e-05	0.000116435331637019	0.000479741308286847	7.04749962543845e-05	9.17489665090583e-06	0	4.80481957998574e-05	0.00013301426711029	1.0925716989798e-05	0.000171858413872869	7.78663983909687e-05	4.47765099545608e-05	0.000161690997665794
Calditrichaeota	0.0511092402930497	0.00291225944736965	0.00209618494340301	0.000945447904700842	0.00504426341143535	0.00464964108997732	0.00283481531178244	0.00254910345159378	0.00660512888257732	0.00173816838437249	0.0025035475801881	0.00148652465401139	0.0215252814430549	0	0.041787711343711	0	0.0158353127474268	0.00659532721067124	0	0	0	0	0	0.0160778381738791	0.0161041029310406	0.00400760610241521	0.0026647057040348	0.0136803108868938	0.0157208923612184	0.0151124800299371	0.00399736839913723	0.008967234415234	0.0177552946600173	0.000795756098062615	0.0109992463078023	0.00952513905947064	0.0355648408016112	0.00765181999414723	0.0202529530258638	0.0132090310426282	0.018378137867897	0.00667778915793293	0.0137703789313202	0.00791195068074851	0.00579281608782934	0.00461744311499604	0.0174335094059865	0.0108279084418312	0.00935682341573703	0.00499710744357593	0.00777286647769965	0.0124071873457718	0.0182765238051723	0.0108190775177735	0.00747293777488522	0.0192756964309121	0.00540726389386255	0.0107128201589855	0.00656289340071237	0.000598816239229899	0.00116184881458001	0.00415883699346665	0.00165646410923084	0.00140783381303967	0.000429156853846918	0.000341098366104942	1.85886402521187e-05	0.00118955126649722	0.00110277888615303	0	9.9096839661396e-05	0.000246886691831247	0.000228566148226943	9.54906308613657e-05	0.00112503972796539	0.00172548909749714	0.00285488894338187	0.000222850260401795	3.06587074940821e-05	0.000552785422070192	0.00048195082590178	0.000458020461736971	7.84013991605931e-05	0.000154080195517496	0.000942326831856404	0.00176747762212651	0.000445067422478418	0.00253864163659637	0.000680694737489207	0.000198177918485037	0.000593958278125093	0.000438344777927601	0.00109723012093328	0.000955327727003878	0.000171264737483575	3.19650293158013e-05	0.000826428967757546	0.00128113741479911	0.000102701739704101	0.000757450046328573	0.000661864386323234	0.000700042509289597	0.000978886039922644
Candidatus_Cloacimonetes	0.020958886626474	0.00116490377894786	0.00189654828212653	0.00159233331318036	0.00554868975257888	0.00380425180089053	0.00377975374904325	0.00369799514808675	0.0115589755445103	0.000910469153718922	0.0044211584926726	0.0386496410042961	0.0172202251544439	0	0.0170574132462323	0	0	0.00329766360533562	0.0176647235470765	0	0	0	0	0.00234468473369071	0.0082163790464493	0.00379887661791442	0.00122234206607101	0.00446256130535039	0.0055836272869155	0.0126836885965544	0.00303133770267907	0.00908219895901905	0.00557232444495668	0.000746786492027993	0.0079649714642706	0.00519094879960569	0.0130065703503035	0.00537379724779806	0.00354199626909726	0.00412196713386978	0.00500704684945802	0.00201836714098294	0.00467209285169794	0.00423396279672488	0.00579281608782934	0.00186076065828199	0.0027221758873135	0.0111560268794624	0.00954777899565003	0.024408947897467	0.00241822512639545	0.00827145823051451	0.0192556232947351	0.0144865614221036	0.00964688330939729	0.0326401792896777	0.0137732193522914	0.0148890042887595	0.00581711005972233	0.000864378223584029	0.00113493339802603	0.000473985098520096	0.000136487679412279	0.000195532474033287	0.000102055593292865	1.58125070379775e-05	2.19683930252312e-05	0.000104714019938136	0.000579665824772747	0	0.000536774548165895	3.06216051883717e-05	8.9793843946299e-05	6.70109690255198e-06	0.000470679886189604	0.000639445959660704	0.00294118281572591	0.000220317871079048	1.61361618389906e-05	0.000300993109399477	0.000212058363396783	6.54314945338529e-05	0.00011068432822672	2.85333695402771e-05	0.000665723433450793	0.000266269356060617	0.000375252924834745	0.000388898293265826	0.000802178500837139	4.21655145712844e-05	0.000296979139062546	0.000335607720600819	0.000923858261997938	0.000409799052294013	0.000103982162043599	7.7389018343519e-05	0.000233834552892639	0.000469050310336287	0.000187922332224526	0.000439193724341778	7.78663983909687e-05	0.000510015369482436	0.000983256066886584
Chlamydiae	0.00380538444335422	0.0139788453473743	0.00878401309616498	0.00574732805226038	0.0110973795051578	0.0169923247106444	0.0141740765589122	0.00619324430140743	0.00330256444128866	0.0153952056901563	0.0025035475801881	0.00594609861604555	0.0236778095873604	0.0105086170659941	0.00389546461678662	0.0396039603960396	0.0158353127474268	0.00494649540800343	0.0176647235470765	0	0	0	0.0177967609894999	0.0101826308434568	0.0358703633799272	0.00634537632882408	0.00532941140806961	0.0294090105696862	0.0229850288315745	0.0190705105139682	0.00839447363818819	0.00457558884264504	0.00609148510753029	0.00143236097651271	0.035652729411497	0.00776122441882792	0.0162582129378794	0.0464950283613832	0.0602139365746535	0.0264180620852563	0.0152487335869858	0.011466043120052	0.0372292030393193	0.0222389965080499	0.02450412469011	0.00909705210715638	0.028032619775739	0.00656236875262495	0.0166131354524311	0.00730346472522636	0.0110547434349506	0.016542916461029	0.0156655918330048	0.00788509039430953	0.0141306459743284	0.0149065385732386	0.00826393161137484	0.0154337239578605	0.017600486847365	0.00217135975442494	0.00314013193129732	0.00691100853326076	0.00103606556644775	0.000487053617137462	0.00177943085741405	0.000124241126726966	6.42153026891375e-05	0.00269743315360638	0.00312100562972156	0	0.00239071125683118	0.000560758145012056	0.000448969219731495	0.000338405393578875	0.000878219787646455	0.00202998717352604	0.00545089626973163	0.000709069010369349	0.00039533596505527	0.000940603466873364	0.000751843288406777	0.00209380782508329	0.000652576351836702	0.00183469566143981	0.00183777173177965	0.00119821210227277	0.00168427475565362	0.00252063708598221	0.0013826009257217	0.000567126170983776	0.000970614747180029	0.0010205214361127	0.00503253382306846	0.00116675271576703	0.000908314768439677	3.19650293158013e-05	0.00126847236911623	0.00100110737877745	0.000509138411724588	0.000693798781931214	0.00101226317908259	5.35133899456946e-05	0.00169120043504492
Chlorobi	0.0440839151668573	0.00931923023158287	0.00868419476552674	0.00689181762110877	0.043380665338344	0.0332237990611107	0.0245683993687811	0.0127096143924535	0.0181641044270876	0.0141260668698208	0.0310546433882906	0.0386496410042961	0.00861011257722195	0.0105086170659941	0.0465094866367857	0.0594059405940594	0.0475059382422803	0.0544114494880377	0.035329447094153	0	0.108932461873638	0	0.0177967609894999	0.0706420014764815	0.116296976560314	0.0847024248104214	0.0183351309910652	0.126195381175892	0.0999089814542259	0.189355776565581	0.03247861824299	0.0186242560931783	0.0490087665469482	0.0132340360308567	0.0800289989981475	0.0662727929270047	0.166036999628093	0.0762845565828724	0.179824425969553	0.0561618021989758	0.0997426491715898	0.0337539696343105	0.0810485159957705	0.0498239056382271	0.0615678948803809	0.0359747060601184	0.0977087387637846	0.131903611927761	0.176442955839613	0.0795693262169398	0.0544100653438975	0.247592316366734	0.282959752483649	0.239853447343183	0.0898111248945297	0.31997656075314	0.0602960936089202	0.0947812224235667	0.0890465309142111	0.0221249582651117	0.0226224076136177	0.0204348736829712	0.00663826440777903	0.00869230725475251	0.00994126151075878	0.00930453092706131	0.00126064778437096	0.0256968204928185	0.0229886983190363	0	0.0130931699402619	0.00596547146075966	0.00682229137073813	0.00326846001421973	0.00623937849131828	0.0117739256064511	0.0448368578387556	0.00867343343041079	0.00320948258977523	0.0185747478473638	0.0193011666757145	0.0152455382263877	0.00412529714995003	0.0146461785850242	0.0182980180335102	0.0246987782001055	0.0166333040636052	0.0164921683625693	0.0116258033210267	0.00736631539560339	0.0172103032783563	0.0128541181558691	0.0241129381338434	0.0191404869456815	0.00522357449324905	0.00704913014911619	0.0157405889440333	0.0230674742172845	0.00750378242859328	0.0139332617765819	0.0103951641851943	0.00311797404683588	0.0197743720118302
Chloroflexi	0.0451377139357862	0.01630865290527	0.0139745662893534	0.0105492081998199	0.0302655804686121	0.0258689122460556	0.132291381216514	0.0194054988110766	0.0610974421638402	0.0101807005370389	0.0476206709933651	0.0297304930802277	0.0172202251544439	0.0157629255989912	0.0472767751219103	0.0792079207920792	0.0475059382422803	0.0370987155600257	0.070658894188306	0	0	0	0.0177967609894999	0.0730536772025634	0.106859878341249	0.0756435651830871	0.0243001602734917	0.139070967892969	0.0988247819810384	0.192953986096518	0.0358763813822567	0.0227399867606831	0.0411175244758294	0.0146296698028435	0.102298409010496	0.0580075928965645	0.198553425503852	0.174589999713787	0.17691817262055	0.066700922711711	0.113170638449682	0.0374686240533536	0.0957533134974304	0.0724050405540932	0.0530068303965977	0.0492412403830548	0.108192011861737	0.14995012599748	0.154864975309444	0.0680375398086877	0.0479326766124811	0.259172357889455	0.237594809467239	0.244437802223595	0.0960612183062519	0.216401818597706	0.0935558677485275	0.0940549295314321	0.132003651355237	0.013548868299793	0.0266956073187862	0.0276210993702114	0.00617296550069171	0.014032121363807	0.00518651758734506	0.00259776901338201	0.000402190580000387	0.0114305824164469	0.0147885476271291	0.000707749145392907	0.00921600608850983	0.00381908832208723	0.00362848760310272	0.00169202696789437	0.00522339873698219	0.0303381583083467	0.0381131269519494	0.00330983284483121	0.00275928367446739	0.00911372405287453	0.0112352376534223	0.00628142347524988	0.00174558409307556	0.00752710288472509	0.0177682522026655	0.013363967163663	0.021171246410444	0.00773115403371972	0.015708043432258	0.0117641785653884	0.0107347093680657	0.00848094408232581	0.0226262150695485	0.0144839168227992	0.00217750880514832	0.00293068847726979	0.0119640007541645	0.0134554432308409	0.00258939492658213	0.00952222915384491	0.00619037867208202	0.00232619429763938	0.0107633764121851
Chrysiogenetes	0.000234177504206413	0	9.98183306382384e-05	2.48802080184432e-05	0	0.000676311431269428	0	0.00520591549973378	0	0.000137949871775594	0.00202414485206697	0.00297304930802277	0	0	0.00064924410279777	0.0198019801980198	0.0158353127474268	0.00412207950666952	0.0176647235470765	0	0	0	0.00889838049474996	0.0461567937575114	0.0308935852146494	0.0115218675444437	0.00774964869889021	0.0370173118115951	0.0435306088484772	0.0772715496768808	0.0073285087317516	0.011105574929636	0.0394908210664321	0.00260763152134365	0.0119203654567315	0.0229812878895164	0.0597489325467068	0.0422894479065847	0.0404150856345713	0.0238886731621999	0.0390891043815643	0.0149659776304799	0.0160326554700371	0.0217257888963256	0.0106628827103407	0.00975176419062597	0.0313339820220554	0.0187027509449811	0.0242513586489511	0.0149913223307278	0.0119183952658061	0.0245386594171931	0.0303520841764468	0.0308068647963721	0.0213318405573996	0.0362383092901147	0.0113246470229952	0.0183388955263989	0.0146173534834048	0.00466555956826078	0.00381301734514675	0.00969375975683036	0.00358590357728624	0.00401730355741118	0.00219288685075437	0.000131017915457528	9.12533248740375e-05	0.00193511508845675	0.00295134733954417	0	0.000664774632728531	0.000972235964730801	0.000516314602691219	0.000261342779199527	0.00369655910617201	0.00154279025187979	0.00926940012095524	0.000516607421840526	0.000538947805422286	0.00240794487519581	0.00112583712930656	0.000850609428940088	0.000770178450577591	0.000716187575460954	0.00293480893901547	0.00201538357432087	0.0022864247978303	0.000450113765353966	0.00172969739243008	0.00120593371673874	0.00285751878927255	0.0024537033858213	0.00465254070759373	0.00292079706698727	0.00049850271803255	0.000284320523914233	0.00270991824311195	0.00399042801330871	0.000371474377653133	0.00309981657615139	0.00182986036218777	0.00210231174786657	0.00374074308113296
Cyanobacteria	0.355774173265594	0.239970178463259	0.158212054061608	0.051253228517993	0.645665716663724	0.279316621114274	0.640668260462831	0.0939039447555428	0.186594890932809	0.0924540040640032	0.209339191279558	0.111489349050854	0.258303377316658	0.0577973938629676	0.345574929261904	0.138613861386139	0.158353127474268	0.161585516661445	0.211976682564918	0.353356890459364	0.326797385620915	0.227272727272727	0.222459512368749	0.260460978416842	0.43636015347257	0.185101306855302	0.0683044746520481	0.423723853780155	0.293872267207465	0.389416226485701	0.161393749115166	0.124000756926556	0.221820045762282	0.0326382424220759	0.337996544177687	0.244428171631918	0.471284947536779	0.365885499567468	0.48289215802026	0.282448429741304	0.348786331672473	0.13342695121349	0.296456586421423	0.251728333550734	0.216846124349718	0.156407270887814	0.343573348160504	0.575519739605208	0.497057374513541	0.325772966033123	0.190348863520556	0.584240666348675	0.547316614665605	0.392970900348961	0.357749912023142	0.572616688640961	0.267098431587399	0.379488036140334	0.374383237177001	0.0373713404256782	0.0485868127826876	0.0816477556805585	0.0263173061848585	0.0226142194059226	0.0153371239048584	0.0129639968415647	0.00333750586344859	0.0268570518337331	0.0383498426755141	0.00141549829078581	0.0205460780897961	0.00934820190891259	0.0126915435341371	0.0083512420148054	0.0202679350992133	0.0587884285453142	0.105264141947667	0.0156020506174484	0.00349831988669316	0.0235874407846705	0.0244946687756321	0.0239479269993902	0.00939202643473811	0.0151925926117205	0.0373461469779508	0.0368966692182616	0.0408851151825763	0.0234275212591432	0.0277349360037033	0.0127592847092707	0.0273510543682969	0.0294632757570321	0.0473376423602645	0.0228469497116529	0.0113187641683342	0.002252693381782	0.0232937653237708	0.0394982365808557	0.0105935751933082	0.0251167889311979	0.020011664386479	0.00766770430221881	0.0410170730835443
Deferribacteres	0.00901583391194692	0.0151437491263222	0.00658800982212374	0.000646885408479523	0.0201770536457414	0.0147943125590187	0.030238029992346	0.0080242904426931	0.00825641110322165	0.00794591261427422	0.0174715660915254	0.0312170177342391	0.0215252814430549	0.00525430853299706	0.00779092923357324	0	0.0158353127474268	0.0123662385200086	0.0176647235470765	0	0.108932461873638	0	0.0177967609894999	0.0147045228298603	0.0336167279843297	0.0207477107593787	0.0179928752125653	0.0409677759179708	0.03030337527559	0.0627887563148577	0.0137242981703712	0.0163479581262343	0.0131866808293695	0.00432156773255543	0.0260080700874142	0.0309945001141505	0.0464036494268641	0.0208526697550425	0.0391435997943826	0.0361140529569728	0.020085085657485	0.00974828385113039	0.0209998278702634	0.0600452905717347	0.0220947233084464	0.0628868185437894	0.0567023445463812	0.101388597228055	0.0542313846952922	0.111089542399496	0.0189139750957358	0.0482501730113347	0.038837613085991	0.0223716518164131	0.066169467206711	0.022873826431349	0.0460127550213587	0.0581034313707689	0.0754732741081923	0.00305135927120627	0.00514981636732761	0.00523677084655268	0.000992637668452939	0.00109498185458641	0.000497193916042161	0.000313991211182695	0.000140259740084169	0.000460741687727798	0.00192279395534375	0	0.013852912377666	0.000144495699482629	0.000453050758092691	0.000127320841148488	0.00084664979528008	0.0163413967468847	0.00769453695067658	0.000329210611957198	6.61582635398615e-05	0.000303887273912933	0.000790399354478919	0.000785177934406235	0.000249039738510119	0.000142666847701385	0.00175338425429998	0.0016343429440962	0.00422377710744224	0.00270428350224663	0.000995009871230682	0.000250884811699142	0.000438225314958147	0.000513685286633907	0.00153897211767266	0.000605562930778415	0.00044039503924348	4.54239890277177e-05	0.000550952645171698	0.00276529660571393	0.000126738317081657	0.000763815172768309	0.00062293118712775	0.000239172089757288	0.000607433747987712
Deinococcus-Thermus	0.0658038786820022	0.00349471133684358	0.021361122756583	0.0250792496825907	0.00453983707029181	0.00972197682449803	0.0113392612471297	0.0319535503087108	0.0577948777225516	0.00714580335797578	0.120276817788611	0.0594609861604555	0.0344404503088878	0.00525430853299706	0.0627996113978934	0.158415841584158	0.0791765637371338	0.069250935712048	0.158982511923688	0.706713780918728	0	0	0.0622886634632497	0.231487374207664	0.243110918300083	0.133753853668108	0.0719470540089397	0.261023257991643	0.262484692458688	0.372144820737201	0.0718860083778179	0.0574362860750116	0.16107824824117	0.026945525720551	0.19489797521756	0.133200754149105	0.457600951647397	0.213082743043123	0.405876444271684	0.138413782733923	0.283239536552296	0.0899032257371871	0.147097154941353	0.131381148601402	0.0726408884641963	0.0585795022051737	0.230863682698545	0.27890067198656	0.383438804465305	0.13492190097655	0.136629719641343	0.489394611972109	0.501298938656153	0.473288797853788	0.220111985369347	0.477780262200873	0.149771007475287	0.19137817707747	0.197483428694163	0.0301543029685248	0.0287366930741295	0.0343486298008192	0.0136549719266557	0.0159696704246823	0.00705230317754538	0.00435295729459751	0.00137555937865679	0.0344509125596467	0.0379610424271909	0	0.00501264847287228	0.00813864850397191	0.00726717905210843	0.00338405393578875	0.0138305266557787	0.0125250208606557	0.0696103903575227	0.00952431624285401	0.00648835067545812	0.0250460996994526	0.0215836857871853	0.0202837633054944	0.00449424491070576	0.0154194328995657	0.0217860337693369	0.0296523063930262	0.0269003986233279	0.0174176022641371	0.0185060266166683	0.016415034822601	0.0288178415795205	0.0199378382585507	0.0419488649914385	0.030985506686511	0.00604931519183057	0.00926481139169042	0.0229157861834786	0.0449658230341786	0.00710171604336872	0.0204193256186728	0.0149892816902615	0.00673722658316306	0.0280905333242087
Dictyoglomi	0.00052689938446443	0.0174735566842179	0.000898364975744146	0.00417987494709846	0.000504426341143535	0.00287432358289507	0.00850444593534731	0.00305174356880946	0.00495384666193299	0.00731134320410649	0.000426135758329889	0.00148652465401139	0.00645758443291646	0	0.000236088764653735	0	0.0158353127474268	0.00412207950666952	0	0	0	0	0	0.0052587929027063	0.0229119598552415	0.00292221278301109	0.000220021571892782	0.0236296278955439	0.00422837794543116	0.0205997495646166	0.00449703944902939	0.00544931937541143	0.00221508549364738	0.000355029643751013	0.0138167872339388	0.00524134636076691	0.00623231495952044	0.0273946837958401	0.0223418226204597	0.0114759312249784	0.00950200936203964	0.00367171043732004	0.0126392406619618	0.00846792559344976	0.0234788475064234	0.00155063388190166	0.00492308405152442	0.00492177656446871	0.00381911159826001	0.00345953592247564	0.000690921464684413	0.00468715966395822	0.004895497447814	0.00311736131868051	0.00190220234269806	0.00591121357214636	0.00377488234099839	0.00254202512247114	0.00208819335477212	0.000270769082086563	0.000977926801461166	0.0050074232182365	0.000192323548262757	0.000703916906519835	0.000266914628612107	2.48482253453932e-05	2.19683930252312e-05	0.000217805161471322	0.000929586048263613	0	5.36774548165895e-05	8.03817136194756e-05	0.000340808453159817	3.35054845127599e-05	0.000330049920193929	0.00116724262477748	0.00196318559582683	8.10364583279256e-05	1.77497780228897e-05	0.00048043130923378	0.00035471580786371	0.000327157472669265	8.53191696747631e-05	8.27467716668035e-05	0.00105484346849597	0.00062435573145248	0.00102976384024418	0.000255664618721053	0.000661411600449852	7.5897926228312e-05	0.000434603618140312	0.000674640009779198	0.000465491566456545	0.000600342560685497	0.000122331955345411	2.52355494598432e-05	0.000304305240065763	0.000357038295927621	5.89988717449093e-05	0.000120937402354982	0.000116799597586453	4.15001799578856e-05	0.000524403235672845
Elusimicrobia	0.00567880447700553	0.0198033642421136	0.00159709329021181	0.00154257289714348	0.014123937552019	0.00853843181977653	0.0179538303079554	0.00473917824803351	0.0280717977509536	0.00466270566601508	0.00452769243225507	0.0118921972320911	0.0193727532987494	0.00525430853299706	0.0059612413075068	0	0.0475059382422803	0.00659532721067124	0	0	0	0	0.00889838049474996	0.0130632435162768	0.0274661813838448	0.0183264487391695	0.0026647057040348	0.0387730736366509	0.0153956325192622	0.0496552915269362	0.029680460363594	0.00701283717088813	0.0154363770338552	0.00498265741402284	0.0160924933665875	0.0396628806338804	0.0193066278637318	0.033294178600488	0.0261562801410259	0.00833761533896388	0.0155332248852504	0.0135488262336196	0.0188850911058106	0.0776226512732895	0.0440869188985242	0.0659191692461748	0.0417593364841071	0.0173902771944561	0.0166131354524311	0.00922542912660172	0.2277449877966	0.0259172357889455	0.0169710578190885	0.0176039227407841	0.0183426654474455	0.0318691514324413	0.00826393161137484	0.0163415900730287	0.0102918101056626	0.00190579777007081	0.00837069454828686	0.00459459748726738	0.00132144889612797	0.000991882913732495	0.000371587031989404	0.00030495549287528	0.000152088874790062	0.00149531620471658	0.0022585759879865	0	0.00268387274082947	0.000398080867448832	0.000487743834162852	0.00011726919579466	0.000938489773073173	0.0102006855469684	0.00430750246117315	0.000357066894507422	0.000214610952458575	0.000738011950931409	0.000597619024118207	0.00117776690160935	0.000419678077859645	0.000416587195288045	0.00336612271280049	0.000931942746212158	0.00316346942447895	0.000482521956459451	0.00129775512274854	0.000265642741799092	0.000814881784013084	0.000438344777927601	0.00315156790146855	0.000738682368147807	0.000192672829669022	0.000863055791526636	0.00065345546287806	0.00368939572458542	0.000107072026500021	0.00139396269030216	0.000467198390345812	0.000146342739851491	0.000515663181744964
Fibrobacteres	0.00199050878575451	0.00349471133684358	0.00239563993531772	0.00226409892967833	0.0015132790234306	0.0011835450047215	0.00472469218630406	0.00637275862898445	0.00990769332386598	0.000910469153718922	0.00170454303331955	0.00297304930802277	0	0.0210172341319882	0.00224284326421048	0.0198019801980198	0.0158353127474268	0.0156639021253442	0	0	0	0	0.0266951414842499	0.0178865949684405	0.0268558217975372	0.0146528098119556	0.00586724191714085	0.0245806655507825	0.0287854960131275	0.0360720505476475	0.0205531358522306	0.00901322023274802	0.0148479949496051	0.0031462971877245	0.0272542901124361	0.0196046512917147	0.0344809599390859	0.0170559651777938	0.0414141102232911	0.0165347090710913	0.0244662516507608	0.00770844471928593	0.0192785305038483	0.0189031470318424	0.0189676278982023	0.0075119596945458	0.0232832916319155	0.0410148047039059	0.0444926501197291	0.0442051812316332	0.0177912277156236	0.0391515689577687	0.0450385765198888	0.0403423229476302	0.0353266149358211	0.0524298942920808	0.0226492940459903	0.038675096506168	0.0332619370081559	0.00289514633923325	0.00345414512442705	0.006536407407011	0.000924393828746799	0.0016886895484693	0.00138429253466475	0.000133276845034381	4.90064152101312e-05	0.00221993722268848	0.00187684483508737	0	0.00914581249374967	0.000575112022444106	0.000793859211252508	0.000162501599886885	0.00162728960652137	0.00172548909749714	0.00852871105000227	0.00146118863922541	0.00039533596505527	0.00211274009482325	0.00175815661288969	0.000850609428940088	0.000438125465897432	0.000443693896351308	0.00270508747254301	0.00410422076410674	0.00165373091293451	0.00257104982770185	0.00152336782610899	0.00055447651661239	0.00216577469706589	0.0012396938250765	0.00431767177458162	0.00173838324094148	0.000868556882952418	0.000159825146579007	0.0018290346534479	0.0029123123746253	0.0007735407628777	0.00173131439160817	0.000739730784714203	0.00061376581937715	0.00166498027326128
Firmicutes	14.2750508457906	5.78840687759191	22.7159569583358	81.2029530816501	21.3437917728064	10.556967825329	39.8527785914748	15.7369978670108	11.5193447712148	22.3618949346187	39.4646989137799	28.4342435819298	35.0539208300149	32.4243379571248	13.5263516376887	31.1881188118812	27.3950910530483	15.5509571468614	18.6539480657128	33.5689045936396	34.0958605664488	40.2272727272727	19.1048229222282	58.2479979741924	60.9680678644739	20.2809081402412	9.53265462382667	59.692683155221	42.7155618945085	64.0546064278415	11.8247487071012	49.1933512785322	75.7049423056756	6.23506733075982	46.0363972104178	54.8433820190573	55.7048375635171	45.6257582457122	66.0335272651974	56.4540871411956	45.800026514589	17.4624615919763	28.7447807804854	38.5075922651059	37.6191115768148	40.8675762110709	45.55648225373	43.0901538219236	40.1029632486891	35.6459049665482	9.94115076424551	28.2547498848889	37.0654430098824	36.6799735207662	38.2577728743228	33.4271417226304	31.9550931834807	27.0874565586064	50.9277544761916	11.0752000723162	19.4386413061836	51.0819397916606	19.3808472174908	22.1618816907657	6.88938581530879	0.717587381890455	0.698681081898068	35.7749375705485	11.0713769039151	2.24285704175012	4.66658579263474	5.30808588365053	1.69627917983609	2.80641603224032	12.661079428551	13.2594194703581	29.3656105974628	2.19268702182633	2.46127458316018	4.90371027838795	5.61487363480681	13.1245763310729	4.79114409155642	4.10282889954969	5.50415446583922	8.57225269476065	8.48819934273141	2.58708468047882	13.4141523030757	4.60869074264139	4.89352808935537	11.9972945223324	13.716720737312	11.8046819411215	8.26890618961771	2.68156313300221	13.4316649270017	20.0040506344711	2.83712681875221	15.0927586693499	14.6600236246653	6.85773982943077	9.2244757868605
Fusobacteria	0.101691581201635	0.0809608126368762	0.227186520532631	0.0400571349096936	0.200761683775127	0.0978960796762497	0.312774622733329	0.0672281156775966	4.1942568404366	0.171030251027382	0.171572909697571	2.29519406579358	1.18604300751232	0.0420344682639765	0.0658687653383919	1.22772277227723	0.126682501979414	0.0502893699813682	0.0529941706412295	0	0.435729847494553	3.63636363636364	0.133475707421249	0.0900358937737232	0.346355589860894	0.0917574813865482	0.00454711248578416	0.288822820221694	0.135524934148435	0.190795060377956	0.0847108986583832	0.0639662721620025	0.0811275062048352	0.00784737936704825	0.351596597494231	0.223261195944206	0.167798306029697	0.495966439467971	0.402152807168274	0.152981189309304	0.294562290223229	0.0984061341183493	0.276637076745273	0.14117486052514	0.18798457162894	0.0694339393784853	0.142190251135205	0.101388597228055	0.108653724970497	0.117432024924034	0.029277797066002	0.0573487770649006	0.235310243991593	0.0438264326567437	0.067528183165781	0.102289695726707	0.0610102605382982	0.0729924356595284	0.113209911162288	0.0111015323655491	0.0186254682553521	0.0778864545761732	0.00490735247341422	0.00768264866156244	0.00587212182946636	0.00489961825219616	0.000300797996807012	0.0259355684582775	0.0123991933737975	0.00283099658157163	0.00868336057532983	0.00554633823974382	0.00290197377480994	0.0030908809463021	0.0074332982026285	0.0224110583957275	0.0256580447102935	0.00387962044244944	0.00254628633819272	0.00890534420790566	0.00786543747871705	0.364584287542629	0.0033804838579244	0.00655554165187865	0.0178573278733385	0.00910824831765971	0.0161096953312776	0.0599587544552711	0.00566152903475442	0.00375694734830144	0.00890575247505855	0.00324135415865995	0.00834559879861377	0.00870496712993971	0.0125604335150901	0.00315612605244438	0.00318399377500388	0.0107531533832319	0.00336512083285779	0.00464017717456748	0.00159626116701486	0.00123845273874322	0.00529210265333179
Gemmatimonadetes	0.0110063426977014	0	0.00229582160467948	0.00360763016267426	0.000504426341143535	0.00769304253068974	0	0.00148996891888932	0.00990769332386598	0.000662159384522852	0.0154474212394585	0.00891914792406832	0.00430505628861097	0	0.0121585713796673	0.0198019801980198	0.0158353127474268	0.00412207950666952	0	0	0	0	0.00889838049474996	0.00609618030759584	0.00859198494571556	0.0059279173598225	0.00782298922285447	0.0104614142076247	0.00867359578549981	0.0193403762287886	0.0018321271829379	0.00296608522965432	0.005330049469089	0.00170169380970313	0.0134375028784973	0.00937394637598697	0.0117194618260547	0.00700930075799747	0.0109892704759172	0.00866549908824897	0.0130297014605214	0.003628766455597	0.00550815157252809	0.00769811417586342	0.00763831501846524	0.00889030092290283	0.0086298767491428	0.0285463040739185	0.0339900932245141	0.0219103941756791	0.00690921464684413	0.0344644092938105	0.0212138222738607	0.0231051485972791	0.0229622997082837	0.0475467178629164	0.010202384705401	0.0157968704039278	0.0102918101056626	0.0045301750272175	0.00584064539221302	0.00198767944540686	0.00064521448449441	0.00104520995210521	0.00173756189606313	0.00187491154878876	0.000104772335966487	0.00258853057287072	0.00280289633563895	0	0.00360464754268328	0.000456453302339165	0.000832633825683864	0.00076057449843965	0.000883959786258524	0.010129635995895	0.00559471939030503	0.000663486002559891	0.000438903602020544	0.0016033671404549	0.000825099813943848	0.000785177934406235	0.000375865531269902	0.000529294004972139	0.0039755878279315	0.00302077993599803	0.00490010505336533	0.000979447553410229	0.00151565457129325	0.00146103507989501	0.00187966064845685	0.00156160327136708	0.00354818571574529	0.00253448968011138	0.000492386120265279	0.00116083527515279	0.00153433905254211	0.00296831838182963	0.000559396709877659	0.00182042616176447	0.00136266197184195	0.000412817579581073	0.00134159827792969
Ignavibacteriae	0.00579589322910873	0.00931923023158287	0.00349364157233834	0.00174161456129102	0.00756639511715302	0.00828481503305049	0.00850444593534731	0.00434424672736405	0.00825641110322165	0.00422126607633318	0.00340908606663911	0.00148652465401139	0.00861011257722195	0	0.00525297501354559	0	0.0158353127474268	0.00659532721067124	0.0176647235470765	0	0	0	0	0.00773745962117934	0.0323021073368978	0.00634537632882408	0.000806745763606867	0.0207033581871174	0.0121972440733591	0.0197001971818823	0.00632916663196729	0.0017934468830468	0.00733747069770694	0.0034768420284582	0.0276877579472264	0.00821480246927891	0.0220840725739529	0.0227218166238418	0.0334219135135332	0.0088528612306976	0.0124607188639921	0.00493855789814976	0.0183441119335087	0.00808301988465659	0.024196541535004	0.00592686728193522	0.0115837271800575	0.00918731625367493	0.00897491225591103	0.005381500323851	0.00276368585873765	0.00689288185876209	0.0186028903016932	0.0111858259082065	0.0110055992684673	0.0128504642872747	0.00836595545842885	0.00798922181348072	0.00671205006891038	0.00200473262698705	0.00218014874087214	0.006536407407011	0.000843742018184998	0.00182733984823836	0.0028654070424535	0.00113624157715752	0.000172367391428737	0.000950803301038273	0.00280289633563895	0.000707749145392907	3.71613148730235e-05	0.00074353085098015	0.000822429979780875	0.000356833410060893	0.00129149968771538	0.00193863775071737	0.00937726746138529	0.000757184407501555	0.000414699359262058	0.00155127217921269	0.00288013813558904	0.00261725978135412	0.000583398646695002	0.00219136278069328	0.00130331770774169	0.00273614717607116	0.00203771064997472	0.00183646416264418	0.00211343181951323	0.000375273079684432	0.00152111266349109	0.00215919048815119	0.00278107461388068	0.00105973512886223	0.000571901891239796	3.02826593518118e-05	0.00171371898352825	0.00261128008590201	0.000762615045887902	0.00246966905861753	0.00182986036218777	0.000157263839840409	0.00361401229917869
Kiritimatiellaeota	0.00895728953589531	0	0.000898364975744146	0.000821046864608626	0	0	0	0.00165153181370865	0.00825641110322165	0.000137949871775594	0.00426135758329889	0.00594609861604555	0	0.00525430853299706	0.0103879056447643	0	0.0158353127474268	0.0131906544213425	0.0176647235470765	0	0	0	0	0.00408645053586095	0.00812247757163274	0.00559395018462123	0.000880086287571128	0.00994931700865005	0.00829412596988419	0.0367017372155615	0.0091606359146895	0.00365587249236463	0.00477627809567716	0.00466435497479779	0.00807333842296816	0.00468697318799349	0.013209798012027	0.0212615456325923	0.0187998263513624	0.00505877784611291	0.0104692797761395	0.0031134386749205	0.00880320653109401	0.00478993770942613	0.00307583155105983	0.00175738506615521	0.00370679269761839	0.0196871062578748	0.0292162037266891	0.00672687540481375	0.00958653532249623	0.101187505686628	0.0972572159632381	0.0374083358241662	0.00828816735032725	0.0336682164326597	0.009794289317185	0.0121654059432547	0.0122308467922367	0.00112994020793816	0.00532028067216946	0.000955615117984065	0.00028538332968022	0.00044439198643929	0.000837379227018376	0.000164901859110336	0.0001081520887396	0.00443568588457943	0.00202883038670462	0	0.000627613317855508	0.000203825059535099	0.00032040076135384	0.000286471892584097	0.000599829854961141	0.000578546344454923	0.00341579911361811	0.000478621581999311	0.000608333301329946	0.00158600215337416	0.00109113666984163	0.000719746439872382	0.000212144962434546	0.000295320374741868	0.00159867387892057	0.00192356655498963	0.00123048052096974	0.00031327918068636	0.00116084484976913	0.000902342011825487	0.00115169958807183	0.000541081835254382	0.00191184036223224	0.0022551998801403	0.000366995866036233	0.000911844520482333	0.00161762259192853	0.00147715844001428	0.000279698354938829	0.00119027864423061	0.000194665995977422	0.000115763659882523	0.00117553725329996
Nitrospirae	0.0111819758258562	0.00291225944736965	0.00678764648340021	0.00534924472396529	0.0015132790234306	0.0104828271846761	0.0075595074980865	0.00644456436001527	0.0165128222064433	0.00284176735857724	0.0225319282216929	0.0104056725780797	0.0215252814430549	0.00525430853299706	0.0114503050857061	0.0396039603960396	0	0.0156639021253442	0	0	0	0	0.0266951414842499	0.0230449013825601	0.0367624273906846	0.0164896292755626	0.00777409554021163	0.0364320578699098	0.0204913700432433	0.0282459448178586	0.0122252850206947	0.0102778302143836	0.0117330309741634	0.0025096923092744	0.0261164370461118	0.0206630000761003	0.0438294323783665	0.0294974740232393	0.0387803181257572	0.0187830547804748	0.038463223525382	0.0130549704438046	0.016229375169056	0.0211270466826474	0.0122007984858707	0.0120260272174151	0.030638958391252	0.026577593448131	0.0420102275808601	0.0159523045314155	0.0141638900260305	0.0344644092938105	0.0404694455685957	0.0462102971945582	0.0233699144960047	0.0889252128679409	0.0236695325165304	0.0208809206488701	0.0268482002756415	0.00380638844240919	0.00483580317419788	0.00727796473856664	0.00158201628409687	0.00214019180669162	0.00141046063550908	0.000374982309757751	0.0001892661552943	0.00180526970373346	0.00482819217463154	0.000707749145392907	0.00245677581660544	0.00107367003191728	0.00100609920603467	0.000340080667804513	0.00171912958431447	0.00482121953712436	0.0137998284190172	0.00089393343092993	0.00020654287153908	0.00234716742041323	0.00258325642683354	0.00372959518842962	0.000189085727387313	0.0031515106657236	0.00255975348355023	0.0039389501293105	0.0040841481121549	0.00199850511817161	0.00307758867148095	0.000775845468111634	0.00312914605061024	0.00228076267265455	0.00568327203331894	0.00203594433623777	0.000709525341003384	0.000277591044058275	0.00196997602779415	0.00302432438903397	0.000703616174142993	0.00264789259893014	0.00182986036218777	0.000716424159272973	0.00373200302720508
Planctomycetes	0.0692579968690468	0.00465961511579144	0.0114791080233974	0.0125893852573323	0.0211859063280284	0.00388879072979921	0.00566963062356487	0.0134097202700039	0.0445846199573969	0.00515932520440722	0.0653053049640555	0.0535148875444099	0.0215252814430549	0.0105086170659941	0.0733055614249846	0.0198019801980198	0.0791765637371338	0.0453428745733648	0.105988341282459	0.353356890459364	0	0	0.0177967609894999	0.0484009920026153	0.0851686376586231	0.052975543166301	0.0423663760100213	0.0855933889714747	0.0875491074598887	0.175952446062839	0.0450370172969462	0.0220961853154869	0.0578691085215377	0.00978167880541584	0.0676209822272769	0.0584611709470155	0.148694905827689	0.0651864970493764	0.156120297091749	0.0671693280678326	0.104579001242089	0.0351925930220324	0.0550815157252809	0.065262901290931	0.04249773926381	0.0231561326363981	0.065332221295524	0.120419466610668	0.175679133519961	0.0663077718474498	0.0658102695111903	0.30797396144949	0.305805407240114	0.220232408455017	0.101767825334346	0.203294345024686	0.0791705053139121	0.0916944776319946	0.0845718308682708	0.0137207025249633	0.0228870758763985	0.0136003143591492	0.00422491407635282	0.00604017587968282	0.00567062745296506	0.00177777757698404	0.000819590047479781	0.0214077342361525	0.0147673403408569	0.00141549829078581	0.00288206642015227	0.00353009692312197	0.00338767683979219	0.00273237226201557	0.00526070872796063	0.00571441389347581	0.0351575618241662	0.00427467317679808	0.00328048170186679	0.0106707845611141	0.0118367122841477	0.00739375888232538	0.00243274929748311	0.00780102323231175	0.0123299480984196	0.0119958935756274	0.012086634904561	0.00771314948310556	0.00920576962258774	0.00617092305750748	0.0128352935224105	0.0117565439267614	0.0179451748782941	0.0131553326341518	0.00313475635572616	0.00619280383744551	0.0106186512717685	0.0178729170490827	0.00329082595732716	0.00753630970464731	0.00420478551311231	0.00307319753688132	0.0137262546937367
Proteobacteria	67.2457681197771	47.4680816364568	57.2926274180991	13.367439122485	75.6256147696033	78.3534690972172	55.2023585663394	65.7918394940856	30.7947621327961	75.4410602275345	47.007301836219	30.1363143107728	13.0314053856254	17.2656578394283	67.6278627238269	37.6633663366337	51.1005542359462	12.6473643423634	68.5391273626568	44.1696113074205	11.9825708061002	50.4545454545455	12.1551877558284	10.4897845435703	11.0564291522763	8.88711700748713	6.27445295303175	11.9334741844486	13.6614012519251	17.5397422242692	3.76119054955488	16.8293146710623	7.75491048112695	1.03765370947214	10.1217990432281	7.04069048690596	19.4058029626529	34.8313182567168	12.3969869418404	8.50905169930437	17.6724287534217	75.3803011661438	16.1634248899599	14.2986483394526	11.5075060542618	15.524395089108	22.0414581595774	11.6127677446451	14.2890150893099	7.40013953461554	77.744383240318	17.2834876879344	29.2727901724521	16.8003770173454	18.6953881104201	23.1773543978144	15.2330785797872	25.3519796928507	14.0161029538987	6.01836876624484	2.18312289440136	1.67030819734293	1.00878043853615	0.894386867043606	1.02477946440492	0.482559312996266	0.0878955404939502	49.5398886906722	1.59667184159797	0.11677860898983	1.87903298330953	0.547643485664974	0.561960486953648	0.517353160538849	0.611645642104084	1.75763394438992	3.77788820197368	0.505500362270955	0.336634221901206	1.06890177975489	1.68421764498315	5.20343960280466	1.65024107392576	1.05144325421139	1.8270076402078	1.95873706424446	1.97764400156454	1.06043562298284	1.20831607653261	1.34364417905282	1.83116612806602	1.0437622707643	1.88109654423336	2.66736114990136	12.4284006356858	0.605508503219333	3.40684771354973	1.95557575505549	0.619011792060793	0.825264103417519	2.40661677506967	1.05915557967517	1.96385515737909
Spirochaetes	0.821377596003995	12.0299613251945	15.3127308298896	2.87187265115286	0.1599031501425	8.51349283574847	1.29645553592183	0.324633709990295	40.1823015571591	0.807034339861581	0.101793179271052	20.4248487461165	42.3552962954991	35.4140395124002	0.949726078010811	8.35643564356436	2.12193190815519	33.71448828505	5.17576399929341	1.41342756183746	0.217864923747277	0.227272727272727	31.0553479266773	14.7672263987384	10.6309615698824	57.3667523153318	0.0545164561467671	0.875905680474758	19.0449395260639	1.17778393471409	61.7025458239992	0.124069735652827	0.311115679724942	89.6890699349635	2.36277898396223	13.9403182001217	3.89499362203855	9.1323011359156	5.20246595596663	0.493418202138458	16.8203204168594	0.904185535178636	35.455233973492	0.237828960733203	29.6032894993161	0.171637941461159	0.393615049578352	8.80998005039899	6.82513433725047	0.465499778013112	1.58160559784571	18.8754676820341	0.893917833970836	2.18068592951463	2.03195971678925	8.82492784464303	20.9600852103171	6.08306611807344	4.0818213819067	0.0427971362628743	0.0418489868386753	0.0929698835984337	0.0282591536237696	0.0427647296390257	0.0211569095326361	0.0106847368985191	0.00180140822806896	0.0244779493007386	0.0381766498376246	0.00566199316314326	0.0161032364449769	0.00865538809152568	0.0120466604730683	0.00451318876386876	0.0232297743830406	0.0471058523616718	0.190306753142715	0.0108766121412013	0.00712734268428215	0.0229131004530351	0.0288283706021409	0.0353330070482806	0.00749655731385554	0.0105958667787819	0.0301028884942785	0.0353174164857642	0.0379572696876447	0.015728775416529	0.0256099343019664	0.0152512666204336	0.0254206899643904	0.033350161092562	0.0711442110447564	0.0360936388224307	0.00716559428435745	0.00382066218822025	0.0258595389794832	0.0886435079026576	0.00793862596478724	0.0858146346605195	0.018804735211419	0.0123069875775109	0.0394045331338503
Synergistetes	0.00626424823752156	0.00349471133684358	0.00319418658042363	0.00171673435327258	0.00100885268228707	0.00202893429380828	0.000944938437260812	0.00822175620302783	0.014861539985799	0.00217960797405439	0.00772371061972923	0.00445957396203416	0.00215252814430549	0.0105086170659941	0.006669507601468	0.0396039603960396	0.110847189231987	0.0222592293360154	0.0529941706412295	0	0	0	0.00889838049474996	0.0404290639080669	0.0668108993319849	0.0383644792512456	0.0104632480855679	0.0901291070195358	0.0675456271795798	0.170375221289886	0.0204865130455783	0.00724276625845823	0.0222546870689885	0.0129524607961576	0.0833883747177718	0.0318512586538912	0.130065703503035	0.0723126194866739	0.128964992362003	0.0363482556350335	0.0603690534917609	0.0217940707244435	0.0498684437012811	0.0287823935575338	0.0294254551718057	0.0180562700914771	0.0512579927717542	0.0974511759764805	0.122020615564407	0.0221025906158166	0.0310914659107986	0.168737747902496	0.196798997402123	0.165953646670933	0.0457887278206604	0.20535041931065	0.0659074051968907	0.0840684022645812	0.112762441157694	0.0125543126328982	0.0064507281674365	0.0171704924399377	0.00442964559547124	0.00830124230668593	0.00944930121488548	0.000953268281432356	0.000424158973025619	0.0110619890662647	0.00997095909563366	0.000707749145392907	0.00154838811970931	0.00159997887109242	0.00139996765789003	0.000690212980962854	0.0051487787550253	0.0041310238981255	0.0222853925328474	0.00189675960273801	0.00182822713635764	0.00579990568496684	0.00552122866153079	0.0218541191743069	0.00142044887890957	0.0016378154116119	0.00414905097608417	0.0121428008065574	0.00751378530890035	0.00187607417399533	0.0111919327376412	0.00627422856820713	0.00420479000550751	0.00863162509973842	0.0389207948524993	0.00886940878786661	0.0008930232740215	0.000676312725523797	0.0101958271487297	0.0265748504184559	0.00125427231042881	0.0073389907850155	0.00311465593563875	0.00204224569792753	0.010330743742755
Tenericutes	0.101223226193222	0.151437491263222	0.0991196023237707	0.167294518716012	0.395974677797675	0.238484318451382	0.373250682718021	0.151833218264649	0.186594890932809	0.512814853338594	0.056409721008919	0.157571613325207	1.19034806380093	0.336275746111812	0.0832212895404414	0.217821782178218	0.269200316706255	0.117891473890748	0.105988341282459	0.353356890459364	0	0	0.133475707421249	0.152036057231745	1.13817977625157	0.16063821127181	0.0100476517831037	0.593081713155338	0.291215978498156	0.294153629154133	0.357931028739413	0.452845337969317	0.175026364708981	0.0398367745091654	1.0080294498047	0.335950142700694	0.379493786991668	1.40746759220589	1.30154739826751	0.35706540297147	0.459567243216732	0.32942328379745	1.13536774288735	0.454488107482781	0.514586618492309	0.160266626327213	0.533951904364748	0.261510394792104	0.229528607055427	0.334421805839312	0.0629602184693671	0.215057913993377	0.388702497356431	0.170171253160913	0.248101534126189	0.233364431456909	0.192518999390918	0.139811381735913	0.154824621589533	0.0225259047905091	0.0365645933885778	0.151369434688676	0.00874761945324152	0.0116395149088179	0.0107812575478616	0.00343131402724111	0.000706368329580512	0.0950677644214347	0.0473488011503398	0.00141549829078581	0.00862555408552734	0.00314636993310519	0.00895897670282393	0.00366717527992157	0.0260911636911566	0.0363570702778514	0.13184265462963	0.00693621435500588	0.00272539773460551	0.0108878468996234	0.0125692775395184	0.033828082674002	0.0138378469518447	0.00420439200175982	0.0460052398060044	0.0119224399601624	0.0322193906625553	0.0122538971479964	0.0110010296809516	0.00523906518548209	0.00838422813329018	0.00839875443646438	0.0460100414130747	0.0102815188980008	0.0359197203882963	0.0025100959862724	0.0216024688316159	0.0197491182904278	0.00425665933922531	0.0100887254069814	0.0248783142859145	0.00248455024747868	0.022863981075336
Thermodesulfobacteria	0.00316139630678658	0.00465961511579144	0.00249545826595596	0.000920567696682398	0.0196726273045978	0.0175840972130051	0.00850444593534731	0.00369799514808675	0	0.01277415812642	0.000372868788538653	0.00148652465401139	0.0172202251544439	0	0.00212479888188361	0	0	0.00577091130933733	0	0	0	0	0	0.00549326137607537	0.0161510536684489	0.00630363043192392	0.000782298922285447	0.0117050788337059	0.00970358528502791	0.0114243152607263	0.00486346488561697	0.00501245410902823	0.00370334605969171	0.000685574484484715	0.0175554473090046	0.00665247807328108	0.0119226894877782	0.0150115857900446	0.0189814671856751	0.00721344248427212	0.013371091018439	0.00358582247387395	0.013819558856075	0.0092377370110361	0.00938128623073248	0.00447960899216034	0.00891946992864424	0.0150934481310374	0.0171860021921701	0.00672687540481375	0.0028500510418232	0.0129586178944727	0.0117491938747536	0.00678484522301053	0.00964688330939729	0.0239018635743309	0.00642750236440266	0.00544719669100958	0.00686120673710839	0.000833135637189425	0.000897180551799235	0.00305032345660514	0.000291587315108051	0.00026308005597206	0.000290465919371999	0.000153607211226067	6.759505546225e-05	0.000732998139566951	0.00116286619725752	0	0.000289032449012405	0.000149280325293312	0.000269381531838897	0.000137372486502316	0.000327179920887895	0.000639445959660704	0.0020422883121422	0.000189929199206076	0.000116180365240732	0.000717752799337213	0.00060918584393985	0.000261725978135412	0.00017294426285425	0.000115560146638122	0.00113454275278234	0.000381040630224675	0.000789776504594056	0.000453714675476797	0.000260322350031283	0.000158120679642317	0.000470820586318671	0.000303074319114005	0.000952357745658543	0.000644715706475295	0.00038840395822168	8.07537582714981e-05	0.000349150222812297	0.00106411413688232	0.000142034320867374	0.000591956758895439	0.000233599195172906	7.31713699257457e-05	0.000729794502978042
Thermotogae	0.023769016676951	0.041354084152649	0.0144736579425446	0.0157242914676561	0.0640621453252289	0.0379579790799967	0.105833104973211	0.0200697018231116	0.0181641044270876	0.0362532263026262	0.00596590061661844	0.0297304930802277	0.101168822782358	0.0315258511979823	0.0181788348783376	0.0396039603960396	0	0.0255568929413511	0.0176647235470765	0	0.108932461873638	0	0.0355935219789998	0.034500361081449	0.107423287190149	0.0259659478718985	0.00904533128892548	0.107467255041963	0.0494937059510083	0.104887807826825	0.0303133770267907	0.0152902843234118	0.0283115614656805	0.00673332082976059	0.120124773716244	0.051707897751412	0.0683522368930013	0.130898691655603	0.127693506521814	0.0694176737772161	0.0739108392891587	0.0309840828131744	0.0929500577864116	0.0703094428062192	0.0655664758967587	0.0381800520254897	0.0648688722083217	0.0580769634607308	0.0467841170786852	0.0653467896467622	0.0173594018001959	0.0471473119139327	0.0639678333181029	0.0452934262184757	0.0365494592989841	0.0470326992914254	0.0356063226218496	0.0441222931971776	0.0393773604042742	0.00588922753538275	0.00976132440357568	0.0266349045684519	0.00209694707460683	0.00312496444864108	0.00196784118349318	0.00212565273181954	0.000430918478571844	0.00515192978095628	0.00789264504096064	0.00141549829078581	0.00545445521636267	0.00079424788457339	0.00223056071439329	0.000691888255188492	0.00371951910062028	0.0133877654094043	0.0119732747877351	0.0013117776691833	0.000906852295351272	0.00294915363921218	0.00301122876023432	0.00294441725402338	0.00101921818908771	0.00107428136319143	0.00699009605123333	0.00297487142633241	0.00824683753415892	0.00134674038593907	0.00311615494555965	0.00198388746057893	0.00237221141568253	0.00276020227351286	0.00623188709378558	0.00231262395116239	0.00132730171549771	0.000232167055030557	0.00199880494527407	0.00452248508174987	0.000926500800734872	0.00426463471462306	0.00272532394368391	0.00199528496797518	0.00267445650193151
Verrucomicrobia	0.0446693589273734	28.741088486091	0.0141742029506299	0.0114200154804654	0.00907967414058362	0.292927388668571	0.0179538303079554	0.802357238538279	0.0379794910748196	0.00808386248604982	0.0663706443598802	0.0341900670422619	0.172202251544439	0.0157629255989912	0.0448568652842096	0.158415841584158	0.348376880443389	0.0890369173440617	0.035329447094153	0	0	0	0.0266951414842499	0.101625335457394	0.129630985984266	0.0883343178407352	11.2704583391598	0.614077698313298	0.183121291021365	0.226867110925603	0.15436504301335	0.39837513712396	0.0727863248928193	0.0196980240274269	25.0482097507506	0.0898084539892945	0.196724376548341	0.094099862676116	0.189178928936656	0.0708228898455808	0.321076879221495	0.0522413537660798	1.04399144269309	0.740986256727831	0.127185634636324	0.584588973476924	0.291620331757946	0.190964930701386	0.242131675329685	0.13338432945545	0.120911256319772	0.54150479882435	0.490855210767483	0.339425635345743	0.200682347154645	0.3536447771858	5.76802021704553	0.135635197606139	0.165862215036185	0.0249992762134152	0.072765828653677	0.0933521296456273	0.00669410027662951	0.16288210600562	0.144243805474084	0.00669320833621817	0.063375434125019	0.117543581660956	0.0905904578593019	0.00141549829078581	0.00768000507375819	2.34031837665684	0.00641209676543799	0.00331704296676323	0.0316273923524965	0.0308050553582577	0.0508414731226948	0.0170455125314146	0.842675552485239	1.5373801895481	0.278004658806576	8.80524708240966	0.00430285325981373	1.26304957605904	0.122549370073266	0.0220682205962652	0.343055351202703	0.0259625619856167	1.55419770560751	0.0106931744952777	0.0227985814682772	0.466638563515396	2.67681162786533	0.0181277351476556	0.0287388346095207	0.00800135154873427	2.55949856134092	3.38825142384772	0.0112993765108491	9.24702654709649	0.043644116298138	0.00883953833102964	0.0570463319872776
